보행자전용도로명,시도명,시군구명,법정동명,지정일자,운영방식구분,평일운영시작시각,평일운영종료시각,주말운영시작시각,주말운영종료시각,보행자전용도로시작점위도,보행자전용도로시작점경도,보행자전용도로종료점위도,보행자전용도로종료점경도,자전거보행자겸용도로구분,보행자전용도로폭,보차분리여부,지정목적,관리점검일자,관리점검결과,유지보수내용,영상정보기처리기기설치개수,보안등설치개수,횡단보도설치개수,방호울타리설치개수,차량진입억제용말뚝설치개수,속도저감시설설치개수,교통표지판설치개수,이정표설치개수,점자블럭설치개수,관리기관명,관리기관전화번호,데이터기준일자
가수원로-1,대전광역시,서구,가수원동,,전일제,00:00,23:59,00:00,23:59,35.868227,127.036108,35.868053,127.036307,,12,,보행환경개선,2023-09-12,합격,,,,,,,,,,,대전광역시 서구청 건설과,042-288-3925,2026-02-20
가수원로-2,대전광역시,서구,가수원동,,전일제,00:00,23:59,00:00,23:59,35.868138,127.036207,35.856735,127.047921,,12,,보행환경개선,2023-09-12,합격,,,,,,,,,,,대전광역시 서구청 건설과,042-288-3925,2026-02-20
가수원로-3,대전광역시,서구,가수원동,,전일제,00:00,23:59,00:00,23:59,35.868138,127.036207,36.305905,127.353440,,12,,보행환경개선,2023-09-12,합격,,,,,,,,,,,대전광역시 서구청 건설과,042-288-3925,2026-02-20
가수원로-4,대전광역시,서구,가수원동,,전일제,00:00,23:59,00:00,23:59,35.868063,127.036504,35.867953,127.037179,,12,,보행환경개선,2023-09-12,합격,,,,,,,,,,,대전광역시 서구청 건설과,042-288-3925,2026-02-20
가수원로-5,대전광역시,서구,가수원동,,전일제,00:00,23:59,00:00,23:59,35.868163,127.037309,35.867920,127.037179,,12,,보행환경개선,2023-09-12,합격,,,,,,,,,,,대전광역시 서구청 건설과,042-288-3925,2026-02-20
가수원로-6,대전광역시,서구,가수원동,,전일제,00:00,23:59,00:00,23:59,36.306250,127.348589,35.858458,127.031443,,10,,보행환경개선,2023-09-12,합격,,,,,,,,,,,대전광역시 서구청 건설과,042-288-3925,2026-02-20
가수원로-7,대전광역시,서구,가수원동,,전일제,00:00,23:59,00:00,23:59,35.240500,128.922317,35.860929,127.031276,,10,,보행환경개선,2023-09-12,합격,,,,,,,,,,,대전광역시 서구청 건설과,042-288-3925,2026-02-20
가수원로-8,대전광역시,서구,가수원동,,전일제,00:00,23:59,00:00,23:59,36.304770,127.350743,36.305200,127.350743,,10,,보행환경개선,2023-09-12,합격,,,,,,,,,,,대전광역시 서구청 건설과,042-288-3925,2026-02-20
가수원로-9,대전광역시,서구,가수원동,,전일제,00:00,23:59,00:00,23:59,36.306627,127.351873,36.303574,127.345175,,8,,보행환경개선,2023-09-12,합격,,,,,,,,,,,대전광역시 서구청 건설과,042-288-3925,2026-02-20
가수원로-10,대전광역시,서구,가수원동,,전일제,00:00,23:59,00:00,23:59,36.307170,127.348257,35.859629,127.030325,,8,,보행환경개선,2023-09-12,합격,,,,,,,,,,,대전광역시 서구청 건설과,042-288-3925,2026-02-20
가수원로-11,대전광역시,서구,가수원동,,전일제,00:00,23:59,00:00,23:59,37.136834,127.085087,37.136834,127.085087,,8,,보행환경개선,2023-09-12,합격,,,,,,,,,,,대전광역시 서구청 건설과,042-288-3925,2026-02-20
가수원로-12,대전광역시,서구,가수원동,,전일제,00:00,23:59,00:00,23:59,36.307724,127.348399,36.307589,127.348246,,8,,보행환경개선,2023-09-12,합격,,,,,,,,,,,대전광역시 서구청 건설과,042-288-3925,2026-02-20
가수원로-13,대전광역시,서구,가수원동,,전일제,00:00,23:59,00:00,23:59,36.306555,127.348889,36.307791,127.348405,,8,,보행환경개선,2023-09-12,합격,,,,,,,,,,,대전광역시 서구청 건설과,042-288-3925,2026-02-20
가수원로-14,대전광역시,서구,가수원동,,전일제,00:00,23:59,00:00,23:59,36.306983,127.351584,35.860232,127.030632,,8,,보행환경개선,2023-09-12,합격,,,,,,,,,,,대전광역시 서구청 건설과,042-288-3925,2026-02-20
가수원로-15,대전광역시,서구,가수원동,,전일제,00:00,23:59,00:00,23:59,37.343714,127.947814,36.306983,127.351584,,8,,보행환경개선,2023-09-12,합격,,,,,,,,,,,대전광역시 서구청 건설과,042-288-3925,2026-02-20
가수원로-16,대전광역시,서구,가수원동,,전일제,00:00,23:59,00:00,23:59,35.866800,127.036411,35.866631,127.036440,,8,,보행환경개선,2023-09-12,합격,,,,,,,,,,,대전광역시 서구청 건설과,042-288-3925,2026-02-20
가수원로-17,대전광역시,서구,가수원동,,전일제,00:00,23:59,00:00,23:59,35.866959,127.036352,35.866800,127.036411,,8,,보행환경개선,2023-09-12,합격,,,,,,,,,,,대전광역시 서구청 건설과,042-288-3925,2026-02-20
가수원로-18,대전광역시,서구,가수원동,,전일제,00:00,23:59,00:00,23:59,35.867187,127.036712,35.867187,127.036712,,8,,보행환경개선,2023-09-12,합격,,,,,,,,,,,대전광역시 서구청 건설과,042-288-3925,2026-02-20
가수원로-19,대전광역시,서구,가수원동,,전일제,00:00,23:59,00:00,23:59,35.866759,127.036129,35.867187,127.036712,,8,,보행환경개선,2023-09-12,합격,,,,,,,,,,,대전광역시 서구청 건설과,042-288-3925,2026-02-20
가수원로-20,대전광역시,서구,가수원동,,전일제,00:00,23:59,00:00,23:59,36.308600,127.355000,35.866759,127.036129,,8,,보행환경개선,2023-09-12,합격,,,,,,,,,,,대전광역시 서구청 건설과,042-288-3925,2026-02-20
가수원로-21,대전광역시,서구,가수원동,,전일제,00:00,23:59,00:00,23:59,36.303444,127.353672,36.303416,127.353453,,6,,보행환경개선,2023-09-12,합격,,,,,,,,,,,대전광역시 서구청 건설과,042-288-3925,2026-02-20
가수원로-22,대전광역시,서구,가수원동,,전일제,00:00,23:59,00:00,23:59,36.301822,127.354281,36.301800,127.354084,,4,,보행환경개선,2023-09-12,합격,,,,,,,,,,,대전광역시 서구청 건설과,042-288-3925,2026-02-20
가수원로-23,대전광역시,서구,가수원동,,전일제,00:00,23:59,00:00,23:59,36.298922,127.353520,36.298824,127.352481,,4,,보행환경개선,2023-09-12,합격,,,,,,,,,,,대전광역시 서구청 건설과,042-288-3925,2026-02-20
가수원로-24,대전광역시,서구,가수원동,,전일제,00:00,23:59,00:00,23:59,36.303319,127.348919,36.303444,127.349521,,4,,보행환경개선,2023-09-12,합격,,,,,,,,,,,대전광역시 서구청 건설과,042-288-3925,2026-02-20
가수원로-25,대전광역시,서구,가수원동,,전일제,00:00,23:59,00:00,23:59,36.303426,127.349521,36.303940,127.349167,,4,,보행환경개선,2023-09-12,합격,,,,,,,,,,,대전광역시 서구청 건설과,042-288-3925,2026-02-20
신갈마로-1,대전광역시,서구,갈마동,,전일제,00:00,23:59,00:00,23:59,36.352324,127.367431,36.352400,127.368412,,10,,보행환경개선,2023-09-12,합격,,,,,,,,,,,대전광역시 서구청 건설과,042-288-3925,2026-02-20
신갈마로-2,대전광역시,서구,갈마동,,전일제,00:00,23:59,00:00,23:59,36.353268,127.368000,36.352333,127.367420,,10,,보행환경개선,2023-09-12,합격,,,,,,,,,,,대전광역시 서구청 건설과,042-288-3925,2026-02-20
신갈마로-3,대전광역시,서구,갈마동,,전일제,00:00,23:59,00:00,23:59,36.346248,127.374532,36.345175,127.374419,,10,,보행환경개선,2023-09-12,합격,,,,,,,,,,,대전광역시 서구청 건설과,042-288-3925,2026-02-20
신갈마로-4,대전광역시,서구,갈마동,,전일제,00:00,23:59,00:00,23:59,36.347624,127.376664,36.342800,127.375417,,10,,보행환경개선,2023-09-12,합격,,,,,,,,,,,대전광역시 서구청 건설과,042-288-3925,2026-02-20
신갈마로-5,대전광역시,서구,갈마동,,전일제,00:00,23:59,00:00,23:59,36.347347,127.367172,36.357271,127.370000,,6,,보행환경개선,2023-09-12,합격,,,,,,,,,,,대전광역시 서구청 건설과,042-288-3925,2026-02-20
신갈마로-6,대전광역시,서구,갈마동,,전일제,00:00,23:59,00:00,23:59,36.356463,127.371000,36.356485,127.371000,,6,,보행환경개선,2023-09-12,합격,,,,,,,,,,,대전광역시 서구청 건설과,042-288-3925,2026-02-20
신갈마로-7,대전광역시,서구,갈마동,,전일제,00:00,23:59,00:00,23:59,36.345900,127.374094,34.950731,127.696084,,6,,보행환경개선,2023-09-12,합격,,,,,,,,,,,대전광역시 서구청 건설과,042-288-3925,2026-02-20
신갈마로-8,대전광역시,서구,갈마동,,전일제,00:00,23:59,00:00,23:59,36.342562,127.376520,36.342429,127.376740,,6,,보행환경개선,2023-09-12,합격,,,,,,,,,,,대전광역시 서구청 건설과,042-288-3925,2026-02-20
신갈마로-9,대전광역시,서구,갈마동,,전일제,00:00,23:59,00:00,23:59,36.348391,127.376000,36.346449,127.374691,,4,,보행환경개선,2023-09-12,합격,,,,,,,,,,,대전광역시 서구청 건설과,042-288-3925,2026-02-20
신갈마로-10,대전광역시,서구,갈마동,,전일제,00:00,23:59,00:00,23:59,36.341866,127.373736,36.341411,127.373570,,4,,보행환경개선,2023-09-12,합격,,,,,,,,,,,대전광역시 서구청 건설과,042-288-3925,2026-02-20
신갈마로-11,대전광역시,서구,갈마동,,전일제,00:00,23:59,00:00,23:59,36.342227,127.374690,36.340860,127.374222,,4,,보행환경개선,2023-09-12,합격,,,,,,,,,,,대전광역시 서구청 건설과,042-288-3925,2026-02-20
신갈마로-12,대전광역시,서구,갈마동,,전일제,00:00,23:59,00:00,23:59,36.344942,127.374517,36.343231,127.374140,,4,,보행환경개선,2023-09-12,합격,,,,,,,,,,,대전광역시 서구청 건설과,042-288-3925,2026-02-20
신갈마로-13,대전광역시,서구,갈마동,,전일제,00:00,23:59,00:00,23:59,36.352360,127.367442,36.353277,127.368000,,4,,보행환경개선,2023-09-12,합격,,,,,,,,,,,대전광역시 서구청 건설과,042-288-3925,2026-02-20
관저중로-1,대전광역시,서구,관저동,,전일제,00:00,23:59,00:00,23:59,36.306268,127.334147,36.306282,127.334429,,30,,보행환경개선,2023-09-12,합격,,,,,,,,,,,대전광역시 서구청 건설과,042-288-3925,2026-02-20
관저중로-2,대전광역시,서구,관저동,,전일제,00:00,23:59,00:00,23:59,36.304993,127.334177,36.302874,127.333436,,15,,보행환경개선,2023-09-12,합격,,,,,,,,,,,대전광역시 서구청 건설과,042-288-3925,2026-02-20
관저중로-3,대전광역시,서구,관저동,,전일제,00:00,23:59,00:00,23:59,35.868174,127.036700,36.302900,127.334165,,15,,보행환경개선,2023-09-12,합격,,,,,,,,,,,대전광역시 서구청 건설과,042-288-3925,2026-02-20
관저중로-4,대전광역시,서구,관저동,,전일제,00:00,23:59,00:00,23:59,36.301739,127.334172,36.301756,127.334592,,15,,보행환경개선,2023-09-12,합격,,,,,,,,,,,대전광역시 서구청 건설과,042-288-3925,2026-02-20
관저중로-5,대전광역시,서구,관저동,,전일제,00:00,23:59,00:00,23:59,36.286141,127.324051,36.288559,127.328621,,12,,보행환경개선,2023-09-12,합격,,,,,,,,,,,대전광역시 서구청 건설과,042-288-3925,2026-02-20
관저중로-6,대전광역시,서구,관저동,,전일제,00:00,23:59,00:00,23:59,36.301716,127.335171,36.301810,127.336900,,12,,보행환경개선,2023-09-12,합격,,,,,,,,,,,대전광역시 서구청 건설과,042-288-3925,2026-02-20
관저중로-7,대전광역시,서구,관저동,,전일제,00:00,23:59,00:00,23:59,36.285210,127.330000,36.303979,127.336099,,10,,보행환경개선,2023-09-12,합격,,,,,,,,,,,대전광역시 서구청 건설과,042-288-3925,2026-02-20
관저중로-8,대전광역시,서구,관저동,,전일제,00:00,23:59,00:00,23:59,36.289328,127.333416,36.286352,127.331576,,10,,보행환경개선,2023-09-12,합격,,,,,,,,,,,대전광역시 서구청 건설과,042-288-3925,2026-02-20
관저중로-9,대전광역시,서구,관저동,,전일제,00:00,23:59,00:00,23:59,36.291137,127.337378,36.302100,127.335785,,10,,보행환경개선,2023-09-12,합격,,,,,,,,,,,대전광역시 서구청 건설과,042-288-3925,2026-02-20
관저중로-10,대전광역시,서구,관저동,,전일제,00:00,23:59,00:00,23:59,36.307530,127.334137,36.307530,127.334137,,8,,보행환경개선,2023-09-12,합격,,,,,,,,,,,대전광역시 서구청 건설과,042-288-3925,2026-02-20
관저중로-11,대전광역시,서구,관저동,,전일제,00:00,23:59,00:00,23:59,36.304989,127.333906,36.304989,127.333906,,8,,보행환경개선,2023-09-12,합격,,,,,,,,,,,대전광역시 서구청 건설과,042-288-3925,2026-02-20
관저중로-12,대전광역시,서구,관저동,,전일제,00:00,23:59,00:00,23:59,36.304381,127.337089,36.303218,127.337050,,3,,보행환경개선,2023-09-12,합격,,,,,,,,,,,대전광역시 서구청 건설과,042-288-3925,2026-02-20
도솔로-1,대전광역시,서구,내동,,전일제,00:00,23:59,00:00,23:59,36.335012,127.372000,36.335012,127.372000,,4,,보행환경개선,2023-09-12,합격,,,,,,,,,,,대전광역시 서구청 건설과,042-288-3925,2026-02-20
도솔로-2,대전광역시,서구,내동,,전일제,00:00,23:59,00:00,23:59,36.334360,127.371487,36.334360,127.371487,,4,,보행환경개선,2023-09-12,합격,,,,,,,,,,,대전광역시 서구청 건설과,042-288-3925,2026-02-20
도솔로-3,대전광역시,서구,내동,,전일제,00:00,23:59,00:00,23:59,35.241176,128.861737,35.241331,128.862092,,4,,보행환경개선,2023-09-12,합격,,,,,,,,,,,대전광역시 서구청 건설과,042-288-3925,2026-02-20
도솔로-4,대전광역시,서구,내동,,전일제,00:00,23:59,00:00,23:59,36.331972,127.377326,36.332769,127.376060,,4,,보행환경개선,2023-09-12,합격,,,,,,,,,,,대전광역시 서구청 건설과,042-288-3925,2026-02-20
도산로-1,대전광역시,서구,도마동,1996-06-25,전일제,00:00,23:59,00:00,23:59,36.315649,127.380755,36.315600,127.380766,,8,,보행환경개선,2023-09-12,합격,,,,,,,,,,,대전광역시 서구청 건설과,042-288-3925,2026-02-20
도산로-2,대전광역시,서구,도마동,2009-08-07,전일제,00:00,23:59,00:00,23:59,36.315956,127.380612,36.316300,127.381749,,6,,보행환경개선,2023-09-12,합격,,,,,,,,,,,대전광역시 서구청 건설과,042-288-3925,2026-02-20
원도안로-1,대전광역시,서구,도안동,,전일제,00:00,23:59,00:00,23:59,36.330753,127.338826,36.330226,127.338843,,30,,보행환경개선,2023-09-12,합격,,,,,,,,,,,대전광역시 서구청 건설과,042-288-3925,2026-02-20
원도안로-2,대전광역시,서구,도안동,,전일제,00:00,23:59,00:00,23:59,36.331611,127.340787,36.331083,127.340815,,15,,보행환경개선,2023-09-12,합격,,,,,,,,,,,대전광역시 서구청 건설과,042-288-3925,2026-02-20
원도안로-3,대전광역시,서구,도안동,,전일제,00:00,23:59,00:00,23:59,36.330916,127.339000,36.330924,127.340259,,12,,보행환경개선,2023-09-12,합격,,,,,,,,,,,대전광역시 서구청 건설과,042-288-3925,2026-02-20
원도안로-4,대전광역시,서구,도안동,,전일제,00:00,23:59,00:00,23:59,36.324373,127.346500,36.324340,127.347315,,12,,보행환경개선,2023-09-12,합격,,,,,,,,,,,대전광역시 서구청 건설과,042-288-3925,2026-02-20
원도안로-5,대전광역시,서구,도안동,,전일제,00:00,23:59,00:00,23:59,36.321100,127.349481,36.320156,127.349476,,5,,보행환경개선,2023-09-12,합격,,,,,,,,,,,대전광역시 서구청 건설과,042-288-3925,2026-02-20
원도안로-6,대전광역시,서구,도안동,,전일제,00:00,23:59,00:00,23:59,36.317290,127.349000,36.317050,127.348670,,5,,보행환경개선,2023-09-12,합격,,,,,,,,,,,대전광역시 서구청 건설과,042-288-3925,2026-02-20
원도안로-7,대전광역시,서구,도안동,,전일제,00:00,23:59,00:00,23:59,36.332875,127.338236,36.332607,127.338580,,10,,보행환경개선,2023-09-12,합격,,,,,,,,,,,대전광역시 서구청 건설과,042-288-3925,2026-02-20
원도안로-8,대전광역시,서구,도안동,,전일제,00:00,23:59,00:00,23:59,36.332689,127.339200,36.332689,127.339204,,10,,보행환경개선,2023-09-12,합격,,,,,,,,,,,대전광역시 서구청 건설과,042-288-3925,2026-02-20
원도안로-9,대전광역시,서구,도안동,,전일제,00:00,23:59,00:00,23:59,36.330971,127.341680,36.331121,127.341884,,10,,보행환경개선,2023-09-12,합격,,,,,,,,,,,대전광역시 서구청 건설과,042-288-3925,2026-02-20
원도안로-10,대전광역시,서구,도안동,,전일제,00:00,23:59,00:00,23:59,36.325765,127.349827,36.326714,127.349927,,10,,보행환경개선,2023-09-12,합격,,,,,,,,,,,대전광역시 서구청 건설과,042-288-3925,2026-02-20
원도안로-11,대전광역시,서구,도안동,2005-12-30,전일제,00:00,23:59,00:00,23:59,36.331930,127.339800,36.331791,127.339670,,8,,보행환경개선,2023-09-12,합격,,,,,,,,,,,대전광역시 서구청 건설과,042-288-3925,2026-02-20
원도안로-12,대전광역시,서구,도안동,2005-12-30,전일제,00:00,23:59,00:00,23:59,35.223755,128.918051,35.224415,128.918240,,8,,보행환경개선,2023-09-12,합격,,,,,,,,,,,대전광역시 서구청 건설과,042-288-3925,2026-02-20
원도안로-13,대전광역시,서구,도안동,2005-12-30,전일제,00:00,23:59,00:00,23:59,35.224415,128.918240,35.224947,128.918432,,8,,보행환경개선,2023-09-12,합격,,,,,,,,,,,대전광역시 서구청 건설과,042-288-3925,2026-02-20
원도안로-14,대전광역시,서구,도안동,2005-12-30,전일제,00:00,23:59,00:00,23:59,35.224975,128.917692,35.224947,128.918432,,8,,보행환경개선,2023-09-12,합격,,,,,,,,,,,대전광역시 서구청 건설과,042-288-3925,2026-02-20
원도안로-15,대전광역시,서구,도안동,2005-12-30,전일제,00:00,23:59,00:00,23:59,35.224975,128.917692,35.224975,128.917692,,8,,보행환경개선,2023-09-12,합격,,,,,,,,,,,대전광역시 서구청 건설과,042-288-3925,2026-02-20
원도안로-16,대전광역시,서구,도안동,2005-12-30,전일제,00:00,23:59,00:00,23:59,36.329890,127.341355,36.329890,127.341355,,8,,보행환경개선,2023-09-12,합격,,,,,,,,,,,대전광역시 서구청 건설과,042-288-3925,2026-02-20
원도안로-17,대전광역시,서구,도안동,2005-12-30,전일제,00:00,23:59,00:00,23:59,36.329890,127.341355,36.329890,127.341355,,8,,보행환경개선,2023-09-12,합격,,,,,,,,,,,대전광역시 서구청 건설과,042-288-3925,2026-02-20
원도안로-18,대전광역시,서구,도안동,2005-12-30,전일제,00:00,23:59,00:00,23:59,35.244955,128.926379,35.244955,128.926379,,8,,보행환경개선,2023-09-12,합격,,,,,,,,,,,대전광역시 서구청 건설과,042-288-3925,2026-02-20
원도안로-19,대전광역시,서구,도안동,2005-12-30,전일제,00:00,23:59,00:00,23:59,36.325580,127.348462,36.325626,127.351157,,8,,보행환경개선,2023-09-12,합격,,,,,,,,,,,대전광역시 서구청 건설과,042-288-3925,2026-02-20
원도안로-20,대전광역시,서구,도안동,,전일제,00:00,23:59,00:00,23:59,36.324351,127.346474,36.323450,127.346448,,8,,보행환경개선,2023-09-12,합격,,,,,,,,,,,대전광역시 서구청 건설과,042-288-3925,2026-02-20
원도안로-21,대전광역시,서구,도안동,2005-12-30,전일제,00:00,23:59,00:00,23:59,35.226780,128.915771,35.227379,128.914574,,8,,보행환경개선,2023-09-12,합격,,,,,,,,,,,대전광역시 서구청 건설과,042-288-3925,2026-02-20
원도안로-22,대전광역시,서구,도안동,2007-11-09,전일제,00:00,23:59,00:00,23:59,35.227987,128.913862,35.239877,128.924430,,8,,보행환경개선,2023-09-12,합격,,,,,,,,,,,대전광역시 서구청 건설과,042-288-3925,2026-02-20
원도안로-23,대전광역시,서구,도안동,2005-12-30,전일제,00:00,23:59,00:00,23:59,36.323188,127.344400,36.323067,127.344192,,8,,보행환경개선,2023-09-12,합격,,,,,,,,,,,대전광역시 서구청 건설과,042-288-3925,2026-02-20
원도안로-24,대전광역시,서구,도안동,,전일제,00:00,23:59,00:00,23:59,36.324251,127.344207,36.322557,127.344207,,8,,보행환경개선,2023-09-12,합격,,,,,,,,,,,대전광역시 서구청 건설과,042-288-3925,2026-02-20
원도안로-25,대전광역시,서구,도안동,2005-12-30,전일제,00:00,23:59,00:00,23:59,36.319958,127.342449,35.229222,128.910427,,8,,보행환경개선,2023-09-12,합격,,,,,,,,,,,대전광역시 서구청 건설과,042-288-3925,2026-02-20
원도안로-26,대전광역시,서구,도안동,2005-12-30,전일제,00:00,23:59,00:00,23:59,36.319154,127.343881,36.320141,127.342800,,8,,보행환경개선,2023-09-12,합격,,,,,,,,,,,대전광역시 서구청 건설과,042-288-3925,2026-02-20
원도안로-27,대전광역시,서구,도안동,2005-12-30,전일제,00:00,23:59,00:00,23:59,36.320285,127.343634,36.320146,127.343238,,8,,보행환경개선,2023-09-12,합격,,,,,,,,,,,대전광역시 서구청 건설과,042-288-3925,2026-02-20
원도안로-28,대전광역시,서구,도안동,2005-12-30,전일제,00:00,23:59,00:00,23:59,36.320323,127.344000,36.320285,127.343634,,8,,보행환경개선,2023-09-12,합격,,,,,,,,,,,대전광역시 서구청 건설과,042-288-3925,2026-02-20
원도안로-29,대전광역시,서구,도안동,2005-12-30,전일제,00:00,23:59,00:00,23:59,35.239100,128.918482,36.319154,127.343881,,8,,보행환경개선,2023-09-12,합격,,,,,,,,,,,대전광역시 서구청 건설과,042-288-3925,2026-02-20
둔산중로-1,대전광역시,서구,둔산동,1989-12-23,전일제,00:00,23:59,00:00,23:59,36.350150,127.386933,36.350160,127.387548,,8,,보행환경개선,2023-09-12,합격,,,,,,,,,,,대전광역시 서구청 건설과,042-288-3925,2026-02-20
둔산중로-2,대전광역시,서구,둔산동,1989-12-23,전일제,00:00,23:59,00:00,23:59,36.349432,127.388456,36.349153,127.388460,,8,,보행환경개선,2023-09-12,합격,,,,,,,,,,,대전광역시 서구청 건설과,042-288-3925,2026-02-20
둔산중로-3,대전광역시,서구,둔산동,1989-12-23,전일제,00:00,23:59,00:00,23:59,36.350136,127.389715,36.350130,127.390000,,8,,보행환경개선,2023-09-12,합격,,,,,,,,,,,대전광역시 서구청 건설과,042-288-3925,2026-02-20
둔산중로-4,대전광역시,서구,둔산동,1989-12-23,전일제,00:00,23:59,00:00,23:59,36.352429,127.389713,36.352426,127.390000,,8,,보행환경개선,2023-09-12,합격,,,,,,,,,,,대전광역시 서구청 건설과,042-288-3925,2026-02-20
둔산중로-5,대전광역시,서구,둔산동,1989-12-23,전일제,00:00,23:59,00:00,23:59,36.360392,127.390094,36.359926,127.390000,,5,,보행환경개선,2023-09-12,합격,,,,,,,,,,,대전광역시 서구청 건설과,042-288-3925,2026-02-20
둔산중로-6,대전광역시,서구,둔산동,1989-12-23,전일제,00:00,23:59,00:00,23:59,36.358624,127.390000,36.357874,127.390000,,5,,보행환경개선,2023-09-12,합격,,,,,,,,,,,대전광역시 서구청 건설과,042-288-3925,2026-02-20
둔산중로-7,대전광역시,서구,둔산동,1989-12-23,전일제,00:00,23:59,00:00,23:59,36.359583,127.383180,36.359568,127.386523,,5,,보행환경개선,2023-09-12,합격,,,,,,,,,,,대전광역시 서구청 건설과,042-288-3925,2026-02-20
둔산중로-8,대전광역시,서구,둔산동,1989-12-23,전일제,00:00,23:59,00:00,23:59,36.359579,127.386563,36.359456,127.379942,,5,,보행환경개선,2023-09-12,합격,,,,,,,,,,,대전광역시 서구청 건설과,042-288-3925,2026-02-20
둔산중로-9,대전광역시,서구,둔산동,1989-12-23,전일제,00:00,23:59,00:00,23:59,36.357565,127.374514,36.357558,127.376433,,5,,보행환경개선,2023-09-12,합격,,,,,,,,,,,대전광역시 서구청 건설과,042-288-3925,2026-02-20
둔산중로-10,대전광역시,서구,둔산동,1989-12-23,전일제,00:00,23:59,00:00,23:59,36.354372,127.376754,36.354369,127.377063,,6,,보행환경개선,2023-09-12,합격,,,,,,,,,,,대전광역시 서구청 건설과,042-288-3925,2026-02-20
둔산중로-11,대전광역시,서구,둔산동,1989-12-23,전일제,00:00,23:59,00:00,23:59,36.354365,127.377648,36.354369,127.377913,,6,,보행환경개선,2023-09-12,합격,,,,,,,,,,,대전광역시 서구청 건설과,042-288-3925,2026-02-20
둔산중로-12,대전광역시,서구,둔산동,1989-12-23,전일제,00:00,23:59,00:00,23:59,36.354424,127.378094,36.354362,127.378445,,6,,보행환경개선,2023-09-12,합격,,,,,,,,,,,대전광역시 서구청 건설과,042-288-3925,2026-02-20
둔산중로-13,대전광역시,서구,둔산동,1989-12-23,전일제,00:00,23:59,00:00,23:59,36.354377,127.378694,36.354355,127.379190,,6,,보행환경개선,2023-09-12,합격,,,,,,,,,,,대전광역시 서구청 건설과,042-288-3925,2026-02-20
둔산중로-14,대전광역시,서구,둔산동,1989-12-23,전일제,00:00,23:59,00:00,23:59,36.351754,127.377600,36.351520,127.378303,,5,,보행환경개선,2023-09-12,합격,,,,,,,,,,,대전광역시 서구청 건설과,042-288-3925,2026-02-20
둔산중로-15,대전광역시,서구,둔산동,1989-12-23,전일제,00:00,23:59,00:00,23:59,36.351418,127.377750,36.351248,127.378103,,5,,보행환경개선,2023-09-12,합격,,,,,,,,,,,대전광역시 서구청 건설과,042-288-3925,2026-02-20
둔산중로-16,대전광역시,서구,둔산동,1989-12-23,전일제,00:00,23:59,00:00,23:59,36.350963,127.378600,36.350875,127.378829,,6,,보행환경개선,2023-09-12,합격,,,,,,,,,,,대전광역시 서구청 건설과,042-288-3925,2026-02-20
둔산중로-17,대전광역시,서구,둔산동,1989-12-23,전일제,00:00,23:59,00:00,23:59,36.351052,127.378853,36.348920,127.377525,,5,,보행환경개선,2023-09-12,합격,,,,,,,,,,,대전광역시 서구청 건설과,042-288-3925,2026-02-20
둔산중로-18,대전광역시,서구,둔산동,1989-12-23,전일제,00:00,23:59,00:00,23:59,36.351500,127.379000,36.351455,127.379427,,5,,보행환경개선,2023-09-12,합격,,,,,,,,,,,대전광역시 서구청 건설과,042-288-3925,2026-02-20
둔산중로-19,대전광역시,서구,둔산동,1989-12-23,전일제,00:00,23:59,00:00,23:59,36.352800,127.381225,36.352773,127.381456,,6,,보행환경개선,2023-09-12,합격,,,,,,,,,,,대전광역시 서구청 건설과,042-288-3925,2026-02-20
둔산중로-20,대전광역시,서구,둔산동,1989-12-23,전일제,00:00,23:59,00:00,23:59,36.355147,127.380826,36.355144,127.381082,,6,,보행환경개선,2023-09-12,합격,,,,,,,,,,,대전광역시 서구청 건설과,042-288-3925,2026-02-20
둔산중로-21,대전광역시,서구,둔산동,1989-12-23,전일제,00:00,23:59,00:00,23:59,36.354371,127.380460,36.354382,127.380743,,6,,보행환경개선,2023-09-12,합격,,,,,,,,,,,대전광역시 서구청 건설과,042-288-3925,2026-02-20
둔산중로-22,대전광역시,서구,둔산동,1989-12-23,전일제,00:00,23:59,00:00,23:59,36.352800,127.380400,36.352787,127.380735,,6,,보행환경개선,2023-09-12,합격,,,,,,,,,,,대전광역시 서구청 건설과,042-288-3925,2026-02-20
둔산중로-23,대전광역시,서구,둔산동,1989-12-23,전일제,00:00,23:59,00:00,23:59,36.353708,127.379742,36.353685,127.380205,,5,,보행환경개선,2023-09-12,합격,,,,,,,,,,,대전광역시 서구청 건설과,042-288-3925,2026-02-20
둔산중로-24,대전광역시,서구,둔산동,1989-12-23,전일제,00:00,23:59,00:00,23:59,36.355106,127.379758,36.355087,127.380206,,6,,보행환경개선,2023-09-12,합격,,,,,,,,,,,대전광역시 서구청 건설과,042-288-3925,2026-02-20
둔산중로-25,대전광역시,서구,둔산동,1989-12-23,전일제,00:00,23:59,00:00,23:59,36.355953,127.379737,36.355929,127.380321,,5,,보행환경개선,2023-09-12,합격,,,,,,,,,,,대전광역시 서구청 건설과,042-288-3925,2026-02-20
둔산중로-26,대전광역시,서구,둔산동,1989-12-23,전일제,00:00,23:59,00:00,23:59,36.350038,127.388468,36.349878,127.388470,,6,,보행환경개선,2023-09-12,합격,,,,,,,,,,,대전광역시 서구청 건설과,042-288-3925,2026-02-20
둔산중로-27,대전광역시,서구,둔산동,1989-12-23,전일제,00:00,23:59,00:00,23:59,36.350374,127.388466,36.350200,127.388473,,6,,보행환경개선,2023-09-12,합격,,,,,,,,,,,대전광역시 서구청 건설과,042-288-3925,2026-02-20
둔산중로-28,대전광역시,서구,둔산동,1989-12-23,전일제,00:00,23:59,00:00,23:59,36.352443,127.388473,36.352200,127.388478,,6,,보행환경개선,2023-09-12,합격,,,,,,,,,,,대전광역시 서구청 건설과,042-288-3925,2026-02-20
둔산중로-29,대전광역시,서구,둔산동,1989-12-23,전일제,00:00,23:59,00:00,23:59,36.352677,127.388463,36.352438,127.388465,,6,,보행환경개선,2023-09-12,합격,,,,,,,,,,,대전광역시 서구청 건설과,042-288-3925,2026-02-20
둔산중로-30,대전광역시,서구,둔산동,1989-12-23,전일제,00:00,23:59,00:00,23:59,36.363331,127.392000,36.363228,127.393370,,10,,보행환경개선,2023-09-12,합격,,,,,,,,,,,대전광역시 서구청 건설과,042-288-3925,2026-02-20
둔산중로-31,대전광역시,서구,둔산동,1989-12-23,전일제,00:00,23:59,00:00,23:59,36.359944,127.390566,36.359930,127.395090,,10,,보행환경개선,2023-09-12,합격,,,,,,,,,,,대전광역시 서구청 건설과,042-288-3925,2026-02-20
둔산중로-32,대전광역시,서구,둔산동,1989-12-23,전일제,00:00,23:59,00:00,23:59,36.359232,127.397585,36.359192,127.396069,,10,,보행환경개선,2023-09-12,합격,,,,,,,,,,,대전광역시 서구청 건설과,042-288-3925,2026-02-20
둔산중로-33,대전광역시,서구,둔산동,1989-12-23,전일제,00:00,23:59,00:00,23:59,36.356340,127.378000,36.356340,127.378000,,9,,보행환경개선,2023-09-12,합격,,,,,,,,,,,대전광역시 서구청 건설과,042-288-3925,2026-02-20
둔산중로-34,대전광역시,서구,둔산동,1989-12-23,전일제,00:00,23:59,00:00,23:59,36.355748,127.377636,36.355187,127.377624,,8,,보행환경개선,2023-09-12,합격,,,,,,,,,,,대전광역시 서구청 건설과,042-288-3925,2026-02-20
둔산중로-35,대전광역시,서구,둔산동,1989-12-23,전일제,00:00,23:59,00:00,23:59,36.354320,127.377631,36.353675,127.377634,,8,,보행환경개선,2023-09-12,합격,,,,,,,,,,,대전광역시 서구청 건설과,042-288-3925,2026-02-20
둔산중로-36,대전광역시,서구,둔산동,1989-12-23,전일제,00:00,23:59,00:00,23:59,36.353513,127.377608,36.352851,127.377588,,8,,보행환경개선,2023-09-12,합격,,,,,,,,,,,대전광역시 서구청 건설과,042-288-3925,2026-02-20
둔산중로-37,대전광역시,서구,둔산동,1989-12-23,전일제,00:00,23:59,00:00,23:59,36.352835,127.377626,36.352300,127.377612,,8,,보행환경개선,2023-09-12,합격,,,,,,,,,,,대전광역시 서구청 건설과,042-288-3925,2026-02-20
둔산중로-38,대전광역시,서구,둔산동,1989-12-23,전일제,00:00,23:59,00:00,23:59,36.352547,127.378000,36.352547,127.378000,,8,,보행환경개선,2023-09-12,합격,,,,,,,,,,,대전광역시 서구청 건설과,042-288-3925,2026-02-20
둔산중로-39,대전광역시,서구,둔산동,1989-12-23,전일제,00:00,23:59,00:00,23:59,36.352330,127.378534,36.352330,127.378534,,8,,보행환경개선,2023-09-12,합격,,,,,,,,,,,대전광역시 서구청 건설과,042-288-3925,2026-02-20
둔산중로-40,대전광역시,서구,둔산동,,전일제,00:00,23:59,00:00,23:59,36.350746,127.377600,36.351044,127.377309,,8,,보행환경개선,2023-09-12,합격,,,,,,,,,,,대전광역시 서구청 건설과,042-288-3925,2026-02-20
둔산중로-41,대전광역시,서구,둔산동,1989-12-23,전일제,00:00,23:59,00:00,23:59,36.351081,127.376833,36.350874,127.376195,,8,,보행환경개선,2023-09-12,합격,,,,,,,,,,,대전광역시 서구청 건설과,042-288-3925,2026-02-20
둔산중로-42,대전광역시,서구,둔산동,1989-12-23,전일제,00:00,23:59,00:00,23:59,36.351473,127.376000,36.351500,127.375479,,8,,보행환경개선,2023-09-12,합격,,,,,,,,,,,대전광역시 서구청 건설과,042-288-3925,2026-02-20
둔산중로-43,대전광역시,서구,둔산동,1989-12-23,전일제,00:00,23:59,00:00,23:59,36.352193,127.374379,35.907810,128.686697,,8,,보행환경개선,2023-09-12,합격,,,,,,,,,,,대전광역시 서구청 건설과,042-288-3925,2026-02-20
둔산중로-44,대전광역시,서구,둔산동,1989-12-23,전일제,00:00,23:59,00:00,23:59,36.350444,127.378400,36.350279,127.378719,,8,,보행환경개선,2023-09-12,합격,,,,,,,,,,,대전광역시 서구청 건설과,042-288-3925,2026-02-20
둔산중로-45,대전광역시,서구,둔산동,1989-12-23,전일제,00:00,23:59,00:00,23:59,36.351046,127.381314,36.350717,127.381313,,8,,보행환경개선,2023-09-12,합격,,,,,,,,,,,대전광역시 서구청 건설과,042-288-3925,2026-02-20
둔산중로-46,대전광역시,서구,둔산동,1989-12-23,전일제,00:00,23:59,00:00,23:59,36.345906,127.381269,36.346143,127.381000,,8,,보행환경개선,2023-09-12,합격,,,,,,,,,,,대전광역시 서구청 건설과,042-288-3925,2026-02-20
둔산중로-47,대전광역시,서구,둔산동,1989-12-23,전일제,00:00,23:59,00:00,23:59,36.351565,127.381000,36.351882,127.381000,,8,,보행환경개선,2023-09-12,합격,,,,,,,,,,,대전광역시 서구청 건설과,042-288-3925,2026-02-20
둔산중로-48,대전광역시,서구,둔산동,,전일제,00:00,23:59,00:00,23:59,36.352288,127.380920,36.352671,127.380927,,8,,보행환경개선,2023-09-12,합격,,,,,,,,,,,대전광역시 서구청 건설과,042-288-3925,2026-02-20
둔산중로-49,대전광역시,서구,둔산동,1989-12-23,전일제,00:00,23:59,00:00,23:59,36.353354,127.380925,36.352916,127.381000,,8,,보행환경개선,2023-09-12,합격,,,,,,,,,,,대전광역시 서구청 건설과,042-288-3925,2026-02-20
둔산중로-50,대전광역시,서구,둔산동,1989-12-23,전일제,00:00,23:59,00:00,23:59,36.353800,127.380924,36.354131,127.381000,,8,,보행환경개선,2023-09-12,합격,,,,,,,,,,,대전광역시 서구청 건설과,042-288-3925,2026-02-20
둔산중로-51,대전광역시,서구,둔산동,,전일제,00:00,23:59,00:00,23:59,36.355572,127.380780,36.354485,127.381000,,8,,보행환경개선,2023-09-12,합격,,,,,,,,,,,대전광역시 서구청 건설과,042-288-3925,2026-02-20
둔산중로-52,대전광역시,서구,둔산동,1989-12-23,전일제,00:00,23:59,00:00,23:59,36.356326,127.381500,36.356326,127.381504,,8,,보행환경개선,2023-09-12,합격,,,,,,,,,,,대전광역시 서구청 건설과,042-288-3925,2026-02-20
둔산중로-53,대전광역시,서구,둔산동,1989-12-23,전일제,00:00,23:59,00:00,23:59,36.352600,127.387243,36.352581,127.388000,,8,,보행환경개선,2023-09-12,합격,,,,,,,,,,,대전광역시 서구청 건설과,042-288-3925,2026-02-20
대덕대로-1,대전광역시,서구,만년동,1991-06-07,전일제,00:00,23:59,00:00,23:59,36.367221,127.378139,36.366257,127.378132,,10,,보행환경개선,2023-09-12,합격,,,,,,,,,,,대전광역시 서구청 건설과,042-288-3925,2026-02-20
대덕대로-2,대전광역시,서구,만년동,1991-06-07,전일제,00:00,23:59,00:00,23:59,36.366087,127.379816,36.366070,127.380170,,8,,보행환경개선,2023-09-12,합격,,,,,,,,,,,대전광역시 서구청 건설과,042-288-3925,2026-02-20
대덕대로-3,대전광역시,서구,만년동,1991-06-07,전일제,00:00,23:59,00:00,23:59,36.368560,127.379812,36.368548,127.380193,,8,,보행환경개선,2023-09-12,합격,,,,,,,,,,,대전광역시 서구청 건설과,042-288-3925,2026-02-20
대덕대로-4,대전광역시,서구,만년동,1991-06-07,전일제,00:00,23:59,00:00,23:59,36.369606,127.381263,36.369033,127.381268,,8,,보행환경개선,2023-09-12,합격,,,,,,,,,,,대전광역시 서구청 건설과,042-288-3925,2026-02-20
대덕대로-5,대전광역시,서구,만년동,1991-06-07,전일제,00:00,23:59,00:00,23:59,36.368554,127.380408,36.368529,127.381246,,8,,보행환경개선,2023-09-12,합격,,,,,,,,,,,대전광역시 서구청 건설과,042-288-3925,2026-02-20
대덕대로-6,대전광역시,서구,만년동,1991-06-07,전일제,00:00,23:59,00:00,23:59,36.368724,127.381455,36.368549,127.381256,,8,,보행환경개선,2023-09-12,합격,,,,,,,,,,,대전광역시 서구청 건설과,042-288-3925,2026-02-20
대덕대로-7,대전광역시,서구,만년동,1991-06-07,전일제,00:00,23:59,00:00,23:59,36.368723,127.382000,36.368549,127.381256,,8,,보행환경개선,2023-09-12,합격,,,,,,,,,,,대전광역시 서구청 건설과,042-288-3925,2026-02-20
대덕대로-8,대전광역시,서구,만년동,1991-06-07,전일제,00:00,23:59,00:00,23:59,36.368373,127.381056,36.368549,127.381256,,8,,보행환경개선,2023-09-12,합격,,,,,,,,,,,대전광역시 서구청 건설과,042-288-3925,2026-02-20
대덕대로-9,대전광역시,서구,만년동,1991-06-07,전일제,00:00,23:59,00:00,23:59,36.367592,127.381435,36.367928,127.381716,,8,,보행환경개선,2023-09-12,합격,,,,,,,,,,,대전광역시 서구청 건설과,042-288-3925,2026-02-20
대덕대로-10,대전광역시,서구,만년동,1991-06-07,전일제,00:00,23:59,00:00,23:59,36.367369,127.380294,36.365720,127.380252,,8,,보행환경개선,2023-09-12,합격,,,,,,,,,,,대전광역시 서구청 건설과,042-288-3925,2026-02-20
대덕대로-11,대전광역시,서구,만년동,1991-06-07,전일제,00:00,23:59,00:00,23:59,36.365639,127.380285,36.366500,127.380267,,8,,보행환경개선,2023-09-12,합격,,,,,,,,,,,대전광역시 서구청 건설과,042-288-3925,2026-02-20
대덕대로-12,대전광역시,서구,만년동,1991-06-07,전일제,00:00,23:59,00:00,23:59,36.367411,127.381319,36.367300,127.382098,,8,,보행환경개선,2023-09-12,합격,,,,,,,,,,,대전광역시 서구청 건설과,042-288-3925,2026-02-20
대덕대로-13,대전광역시,서구,만년동,1991-06-07,전일제,00:00,23:59,00:00,23:59,36.367261,127.380416,36.367276,127.381229,,8,,보행환경개선,2023-09-12,합격,,,,,,,,,,,대전광역시 서구청 건설과,042-288-3925,2026-02-20
대덕대로-14,대전광역시,서구,만년동,1991-06-07,전일제,00:00,23:59,00:00,23:59,36.367272,127.379792,36.367253,127.380204,,8,,보행환경개선,2023-09-12,합격,,,,,,,,,,,대전광역시 서구청 건설과,042-288-3925,2026-02-20
대덕대로-15,대전광역시,서구,만년동,1991-06-07,전일제,00:00,23:59,00:00,23:59,36.365367,127.381425,36.365367,127.381425,,8,,보행환경개선,2023-09-12,합격,,,,,,,,,,,대전광역시 서구청 건설과,042-288-3925,2026-02-20
대덕대로-16,대전광역시,서구,만년동,1991-06-07,전일제,00:00,23:59,00:00,23:59,36.365926,127.382553,36.365926,127.382553,,8,,보행환경개선,2023-09-12,합격,,,,,,,,,,,대전광역시 서구청 건설과,042-288-3925,2026-02-20
대덕대로-17,대전광역시,서구,만년동,1991-06-07,전일제,00:00,23:59,00:00,23:59,36.367273,127.376716,36.366408,127.376623,,8,,보행환경개선,2023-09-12,합격,,,,,,,,,,,대전광역시 서구청 건설과,042-288-3925,2026-02-20
대덕대로-18,대전광역시,서구,만년동,1991-06-07,전일제,00:00,23:59,00:00,23:59,36.367400,127.378000,36.367418,127.379280,,8,,보행환경개선,2023-09-12,합격,,,,,,,,,,,대전광역시 서구청 건설과,042-288-3925,2026-02-20
대덕대로-19,대전광역시,서구,만년동,1991-06-07,전일제,00:00,23:59,00:00,23:59,36.367379,127.374343,36.367488,127.374132,,6,,보행환경개선,2023-09-12,합격,,,,,,,,,,,대전광역시 서구청 건설과,042-288-3925,2026-02-20
대덕대로-20,대전광역시,서구,만년동,1991-06-07,전일제,00:00,23:59,00:00,23:59,36.367386,127.375123,36.367415,127.374355,,4,,보행환경개선,2023-09-12,합격,,,,,,,,,,,대전광역시 서구청 건설과,042-288-3925,2026-02-20
대덕대로-21,대전광역시,서구,만년동,1991-06-07,전일제,00:00,23:59,00:00,23:59,36.367228,127.376638,36.366400,127.376667,,4,,보행환경개선,2023-09-12,합격,,,,,,,,,,,대전광역시 서구청 건설과,042-288-3925,2026-02-20
대덕대로-22,대전광역시,서구,만년동,1991-06-07,전일제,00:00,23:59,00:00,23:59,36.367410,127.376137,36.367417,127.376773,,4,,보행환경개선,2023-09-12,합격,,,,,,,,,,,대전광역시 서구청 건설과,042-288-3925,2026-02-20
대덕대로-23,대전광역시,서구,만년동,1991-06-07,전일제,00:00,23:59,00:00,23:59,36.367479,127.374100,36.368031,127.373288,,5,,보행환경개선,2023-09-12,합격,,,,,,,,,,,대전광역시 서구청 건설과,042-288-3925,2026-02-20
대덕대로-24,대전광역시,서구,만년동,1991-06-07,전일제,00:00,23:59,00:00,23:59,36.365370,127.380393,36.365370,127.380393,,4,,보행환경개선,2023-09-12,합격,,,,,,,,,,,대전광역시 서구청 건설과,042-288-3925,2026-02-20
청사로-1,대전광역시,서구,월평동,1989-12-23,전일제,00:00,23:59,00:00,23:59,33.464517,126.581492,33.464200,126.584765,,10,,보행환경개선,2023-09-12,합격,,,,,,,,,,,대전광역시 서구청 건설과,042-288-3925,2026-02-20
청사로-2,대전광역시,서구,월평동,1989-12-23,전일제,00:00,23:59,00:00,23:59,33.469016,126.576428,33.469016,126.576428,,10,,보행환경개선,2023-09-12,합격,,,,,,,,,,,대전광역시 서구청 건설과,042-288-3925,2026-02-20
청사로-3,대전광역시,서구,월평동,1989-12-23,전일제,00:00,23:59,00:00,23:59,36.356930,127.367667,33.464806,126.578515,,10,,보행환경개선,2023-09-12,합격,,,,,,,,,,,대전광역시 서구청 건설과,042-288-3925,2026-02-20
청사로-4,대전광역시,서구,월평동,1989-12-23,전일제,00:00,23:59,00:00,23:59,33.470648,126.581800,33.464726,126.582084,,5,,보행환경개선,2023-09-12,합격,,,,,,,,,,,대전광역시 서구청 건설과,042-288-3925,2026-02-20
청사로-5,대전광역시,서구,월평동,1989-12-23,전일제,00:00,23:59,00:00,23:59,33.469936,126.581841,33.472816,126.582000,,5,,보행환경개선,2023-09-12,합격,,,,,,,,,,,대전광역시 서구청 건설과,042-288-3925,2026-02-20
청사로-6,대전광역시,서구,월평동,1989-12-23,전일제,00:00,23:59,00:00,23:59,33.469130,126.578547,33.472558,126.580373,,6,,보행환경개선,2023-09-12,합격,,,,,,,,,,,대전광역시 서구청 건설과,042-288-3925,2026-02-20
청사로-7,대전광역시,서구,월평동,1989-12-23,전일제,00:00,23:59,00:00,23:59,33.462693,126.579700,33.462408,126.578646,,6,,보행환경개선,2023-09-12,합격,,,,,,,,,,,대전광역시 서구청 건설과,042-288-3925,2026-02-20
청사로-8,대전광역시,서구,월평동,1989-12-23,전일제,00:00,23:59,00:00,23:59,33.470242,126.575718,33.470242,126.575718,,6,,보행환경개선,2023-09-12,합격,,,,,,,,,,,대전광역시 서구청 건설과,042-288-3925,2026-02-20
청사로-9,대전광역시,서구,월평동,1989-12-23,전일제,00:00,23:59,00:00,23:59,33.470500,126.575200,33.470422,126.575626,,6,,보행환경개선,2023-09-12,합격,,,,,,,,,,,대전광역시 서구청 건설과,042-288-3925,2026-02-20
청사로-10,대전광역시,서구,월평동,1989-12-23,전일제,00:00,23:59,00:00,23:59,33.476766,126.572481,33.477600,126.574919,,6,,보행환경개선,2023-09-12,합격,,,,,,,,,,,대전광역시 서구청 건설과,042-288-3925,2026-02-20
청사로-11,대전광역시,서구,월평동,1989-12-23,전일제,00:00,23:59,00:00,23:59,36.357007,127.359660,36.357128,127.359916,,6,,보행환경개선,2023-09-12,합격,,,,,,,,,,,대전광역시 서구청 건설과,042-288-3925,2026-02-20
청사로-12,대전광역시,서구,월평동,1989-12-23,전일제,00:00,23:59,00:00,23:59,36.353274,127.356773,36.354842,127.355297,,6,,보행환경개선,2023-09-12,합격,,,,,,,,,,,대전광역시 서구청 건설과,042-288-3925,2026-02-20
청사로-13,대전광역시,서구,월평동,1989-12-23,전일제,00:00,23:59,00:00,23:59,36.354209,127.361529,33.470537,126.574752,,6,,보행환경개선,2023-09-12,합격,,,,,,,,,,,대전광역시 서구청 건설과,042-288-3925,2026-02-20
청사로-14,대전광역시,서구,월평동,1989-12-23,전일제,00:00,23:59,00:00,23:59,36.354380,127.358000,36.355428,127.357084,,6,,보행환경개선,2023-09-12,합격,,,,,,,,,,,대전광역시 서구청 건설과,042-288-3925,2026-02-20
문정로-1,대전광역시,서구,탄방동,1989-12-23,전일제,00:00,23:59,00:00,23:59,36.346570,127.394139,36.346210,127.394104,,10,,보행환경개선,2023-09-12,합격,,,,,,,,,,,대전광역시 서구청 건설과,042-288-3925,2026-02-20
문정로-2,대전광역시,서구,탄방동,1989-12-23,전일제,00:00,23:59,00:00,23:59,36.345240,127.385565,36.345240,127.385565,,10,,보행환경개선,2023-09-12,합격,,,,,,,,,,,대전광역시 서구청 건설과,042-288-3925,2026-02-20
문정로-3,대전광역시,서구,탄방동,1989-12-23,전일제,00:00,23:59,00:00,23:59,36.345658,127.382000,36.345419,127.382218,,8,,보행환경개선,2023-09-12,합격,,,,,,,,,,,대전광역시 서구청 건설과,042-288-3925,2026-02-20
문정로-4,대전광역시,서구,탄방동,1989-12-23,전일제,00:00,23:59,00:00,23:59,36.348045,127.388263,36.348722,127.388249,,8,,보행환경개선,2023-09-12,합격,,,,,,,,,,,대전광역시 서구청 건설과,042-288-3925,2026-02-20
문정로-5,대전광역시,서구,탄방동,1989-12-23,전일제,00:00,23:59,00:00,23:59,36.346429,127.388568,36.346100,127.388566,,8,,보행환경개선,2023-09-12,합격,,,,,,,,,,,대전광역시 서구청 건설과,042-288-3925,2026-02-20
문정로-6,대전광역시,서구,탄방동,1989-12-23,전일제,00:00,23:59,00:00,23:59,36.346428,127.389177,36.346428,127.389177,,8,,보행환경개선,2023-09-12,합격,,,,,,,,,,,대전광역시 서구청 건설과,042-288-3925,2026-02-20
문정로-7,대전광역시,서구,탄방동,1989-12-23,전일제,00:00,23:59,00:00,23:59,36.348722,127.388249,36.348722,127.388249,,6,,보행환경개선,2023-09-12,합격,,,,,,,,,,,대전광역시 서구청 건설과,042-288-3925,2026-02-20
문정로-8,대전광역시,서구,탄방동,1989-12-23,전일제,00:00,23:59,00:00,23:59,36.346386,127.395300,36.345835,127.395896,,6,,보행환경개선,2023-09-12,합격,,,,,,,,,,,대전광역시 서구청 건설과,042-288-3925,2026-02-20
문정로-9,대전광역시,서구,탄방동,1989-12-23,전일제,00:00,23:59,00:00,23:59,36.346844,127.395879,36.346111,127.396744,,6,,보행환경개선,2023-09-12,합격,,,,,,,,,,,대전광역시 서구청 건설과,042-288-3925,2026-02-20
문정로-10,대전광역시,서구,탄방동,1989-12-23,전일제,00:00,23:59,00:00,23:59,36.346250,127.395686,36.346889,127.395790,,6,,보행환경개선,2023-09-12,합격,,,,,,,,,,,대전광역시 서구청 건설과,042-288-3925,2026-02-20
문정로-11,대전광역시,서구,탄방동,1989-12-23,전일제,00:00,23:59,00:00,23:59,36.346431,127.395464,36.346754,127.395878,,6,,보행환경개선,2023-09-12,합격,,,,,,,,,,,대전광역시 서구청 건설과,042-288-3925,2026-02-20
문정로-12,대전광역시,서구,탄방동,1989-12-23,전일제,00:00,23:59,00:00,23:59,36.346300,127.396225,36.346081,127.395789,,6,,보행환경개선,2023-09-12,합격,,,,,,,,,,,대전광역시 서구청 건설과,042-288-3925,2026-02-20
문정로-13,대전광역시,서구,탄방동,1989-12-23,전일제,00:00,23:59,00:00,23:59,36.346246,127.394127,36.348836,127.395800,,4,,보행환경개선,2023-09-12,합격,,,,,,,,,,,대전광역시 서구청 건설과,042-288-3925,2026-02-20
