관리번호,공원명,공원구분,소재지도로명주소,소재지지번주소,위도,경도,공원면적,공원보유시설(운동시설),공원보유시설(유희시설),공원보유시설(편익시설),공원보유시설(교양시설),공원보유시설(기타시설),지정고시일,관리기관명,전화번호,데이터기준일자
30200-00001,죽동,근린공원,,대전광역시 유성구 죽동 712-1,36.37388629,127.3367342,113482,,,,,,,대전광역시 유성구청,042-611-2718,2026-05-12
30200-00002,자운,근린공원,,대전광역시 유성구 자운동 555,36.39655426,127.3511269,16498,,,,,,,대전광역시 유성구청,042-611-2718,2026-05-12
30200-00003,오리골,근린공원,,대전광역시 유성구 장동 451,36.40046264,127.3624534,12123,,,,,,,대전광역시 유성구청,042-611-2718,2026-05-12
30200-00004,수천이들,근린공원,"대전광역시 유성구 신성로 134, (신성동)",대전광역시 유성구 신성동 494,36.39380996,127.3532001,11742,,,,,,,대전광역시 유성구청,042-611-2718,2026-05-12
30200-00005,서당골,근린공원,,대전광역시 유성구 죽동 682,36.37023058,127.3318974,16238,,,,,,,대전광역시 유성구청,042-611-2718,2026-05-12
30200-00006,해랑숲,근린공원,,대전광역시 유성구 지족동 1067,36.38644766,127.3081881,92824,,,,,,,대전광역시 유성구청,042-611-2718,2026-05-12
30200-00007,두레샘골,근린공원,,대전광역시 유성구 죽동 655,36.38091432,127.336131,17481,,,,,,,대전광역시 유성구청,042-611-2718,2026-05-12
30200-00008,덕산,근린공원,,대전광역시 유성구 지족동 1085,36.37543213,127.3067306,11034,,,,,,,대전광역시 유성구청,042-611-2718,2026-05-12
30200-00009,대골,근린공원,,대전광역시 유성구 죽동 666,36.37556866,127.3342338,69809,,,,,,,대전광역시 유성구청,042-611-2718,2026-05-12
30200-00010,구레들,근린공원,,대전광역시 유성구 방현동 416,36.40656733,127.3755667,11276,,,,,,,대전광역시 유성구청,042-611-2718,2026-05-12
30200-00011,고래들,근린공원,,대전광역시 유성구 지족동 1064,36.3867201,127.3102485,13300,,,,,,,대전광역시 유성구청,042-611-2718,2026-05-12
30200-00012,학산,근린공원,,대전광역시 유성구 계산동 728,36.34164725,127.3012367,10081,,,,,,,대전광역시 유성구청,042-611-2718,2026-05-12
30200-00013,천년,근린공원,,대전광역시 유성구 상대동 486,36.34206743,127.3343494,35386,,,,,,,대전광역시 유성구청,042-611-2718,2026-05-12
30200-00014,상대,근린공원,,대전광역시 유성구 상대동 458-2,36.34441607,127.3319725,18614,,,,,,,대전광역시 유성구청,042-611-2718,2026-05-12
30200-00015,용반들,근린공원,,대전광역시 유성구 봉명동 1025-1,36.35202153,127.3422891,12463,,,,,,,대전광역시 유성구청,042-611-2718,2026-05-12
30200-00016,복용,근린공원,,대전광역시 유성구 구암동 산21-44 일원,36.35361426,127.3146979,164414,,,,,,,대전광역시 유성구청,042-611-2718,2026-05-12
30200-00017,복용1,근린공원,"대전광역시 유성구 복용북로18번길 20, (복용동)",대전광역시 유성구 복용동 568,36.3433012,127.3096238,10487,,,,,,,대전광역시 유성구청,042-611-2718,2026-05-12
30200-00018,덕명1(송숲),근린공원,,대전광역시 유성구 덕명동 509,36.35963438,127.3039634,10416,,,,,,,대전광역시 유성구청,042-611-2718,2026-05-12
30200-00019,장배기,근린공원,"대전광역시 유성구 테크노중앙로 4, 1호 (관평동)",대전광역시 유성구 관평동 886,36.42772123,127.3862532,13805,,,,,,,대전광역시 유성구청,042-611-2718,2026-05-12
30200-00020,퇴고개,근린공원,,대전광역시 유성구 하기동 543,36.39047163,127.3258043,38594,,,,,,,대전광역시 유성구청,042-611-2718,2026-05-12
30200-00021,소라실,근린공원,"대전광역시 유성구 지족로328번길 14-11, (지족동)",대전광역시 유성구 지족동 994,36.38676685,127.3125287,21700,,,,,,,대전광역시 유성구청,042-611-2718,2026-05-12
30200-00022,장현,근린공원,,대전광역시 유성구 궁동 477,36.36132686,127.3430567,13041,,,,,,,대전광역시 유성구청,042-611-2718,2026-05-12
30200-00023,갑천,근린공원,,대전광역시 유성구 봉명동 698,36.35725765,127.3543806,17408,,,,,,,대전광역시 유성구청,042-611-2718,2026-05-12
30200-00024,갈마봉,근린공원,"대전광역시 유성구 지족로328번길 123, (지족동)",대전광역시 유성구 지족동 837,36.38401905,127.3174236,12990,,,,,,,대전광역시 유성구청,042-611-2718,2026-05-12
30200-00025,두루봉,근린공원,"대전광역시 유성구 노은동로234번길 34, 1호 외(지족동)",대전광역시 유성구 지족동 871-6,36.38149444,127.3206556,105973,,,,,,,대전광역시 유성구청,042-611-2718,2026-05-12
30200-00026,왕골,근린공원,,대전광역시 유성구 전민동 463-2,36.40062677,127.3991284,21895,,,,,,,대전광역시 유성구청,042-611-2718,2026-05-12
30200-00027,엑스포,근린공원,,대전광역시 유성구 전민동 467-2,36.39931723,127.4059813,13850,,,,,,,대전광역시 유성구청,042-611-2718,2026-05-12
30200-00028,궁동,근린공원,,대전광역시 유성구 궁동 390,36.36408602,127.3492662,21177,,,,,,,대전광역시 유성구청,042-611-2718,2026-05-12
30200-00029,성두산,근린공원,,대전광역시 유성구 구성동 20,36.37236361,127.3685423,190892,,,,,,,대전광역시 유성구청,042-611-2718,2026-05-12
30200-00030,신성,근린공원,,대전광역시 유성구 신성동 11,36.37545364,127.3497938,209496,,,,,,,대전광역시 유성구청,042-611-2718,2026-05-12
30200-00031,송림,근린공원,"대전광역시 유성구 북유성대로 228, (하기동)",대전광역시 유성구 하기동 517,36.38620154,127.319542,14189,,,,,,,대전광역시 유성구청,042-611-2718,2026-05-12
30200-00032,동화울수변,근린공원,"대전광역시 유성구 테크노중앙로 88, (관평동)",대전광역시 유성구 관평동 771,36.4243927,127.3940968,34130,,,,,,,대전광역시 유성구청,042-611-2718,2026-05-12
30200-00033,청벽산,근린공원,"대전광역시 유성구 오룡1길 68, (탑립동)",대전광역시 유성구 탑립동 712,36.41505737,127.4033683,206604,,,,,,,대전광역시 유성구청,042-611-2718,2026-05-12
30200-00034,송강,근린공원,"대전광역시 유성구 송강로42번길 34, (송강동)",대전광역시 유성구 송강동 9,36.43500958,127.3840999632,19703,,,,,,,대전광역시 유성구청,042-611-2718,2026-05-12
30200-00035,금성,근린공원,"대전광역시 유성구 신성남로 27, (신성동)",대전광역시 유성구 신성동 206,36.3864519,127.348055,18443,,,,,,,대전광역시 유성구청,042-611-2718,2026-05-12
30200-00036,덜레기,근린공원,"대전광역시 유성구 동서대로735번길 24-18, 1호 (원신흥동)",대전광역시 유성구 원신흥동 523,36.33374562,127.3461432,159692,,,,,,,대전광역시 유성구청,042-611-2718,2026-05-12
30200-00037,한샘,근린공원,"대전광역시 유성구 대정로 34, (대정동)",대전광역시 유성구 대정동 305,36.31503197,127.3202293,12830,,,,,,,대전광역시 유성구청,042-611-2718,2026-05-12
30200-00038,진잠,근린공원,"대전광역시 유성구 계백로 835, (원내동)",대전광역시 유성구 원내동 358,36.29461195,127.3206065,22926,,,,,,,대전광역시 유성구청,042-611-2718,2026-05-12
30200-00039,민마루,근린공원,대전광역시 유성구 문지로 282-23(문지동),대전광역시 유성구 문지동 673,36.39222566,127.4074416,10264,,,,,,,대전광역시 유성구청,042-611-2718,2026-05-12
30200-00040,유림,문화공원,,대전광역시 유성구 봉명동 496-39,36.36080479,127.3592862,57400,,,,,,,대전광역시 유성구청,042-611-2718,2026-05-12
30200-00041,죽동지구(1),문화공원,,대전광역시 유성구 죽동 731-2,36.37516435,127.3398679,2745,,,,,,,대전광역시 유성구청,042-611-2718,2026-05-12
30200-00042,도안,문화공원,"대전광역시 유성구 도안대로 398, (상대동)",대전광역시 유성구 상대동 488,36.33686038,127.3353396,32130,,,,,,,대전광역시 유성구청,042-611-2718,2026-05-12
30200-00043,욧골,문화공원,"대전광역시 유성구 궁동로18번길 24, (궁동)",대전광역시 유성구 궁동 413-7,36.36270039,127.3486739,1525,,,,,,,대전광역시 유성구청,042-611-2718,2026-05-12
30200-00044,유성온천,문화공원,,대전광역시 유성구 봉명동 574,36.35523616,127.3452875,20778,,,,,,,대전광역시 유성구청,042-611-2718,2026-05-12
30200-00045,대전노은2(지울),소공원,"대전광역시 유성구 은구비로146번길 24, (죽동)",대전광역시 유성구 죽동 608-1,36.38192746,127.3268489,1800.2,,,,,,,대전광역시 유성구청,042-611-2718,2026-05-12
30200-00046,추목천,소공원,,대전광역시 유성구 장동 470,36.39565086,127.355715,831,,,,,,,대전광역시 유성구청,042-611-2718,2026-05-12
30200-00047,창골,소공원,,대전광역시 유성구 봉명동 1044-1,36.3447499,127.3428541,873,,,,,,,대전광역시 유성구청,042-611-2718,2026-05-12
30200-00048,선들,소공원,,대전광역시 유성구 봉명동 614,36.35851913,127.3441648,1697,,,,,,,대전광역시 유성구청,042-611-2718,2026-05-12
30200-00049,동방,소공원,,대전광역시 유성구 봉명동 1045-8,36.34520429,127.343541,530,,,,,,,대전광역시 유성구청,042-611-2718,2026-05-12
30200-00050,느리울,소공원,,대전광역시 유성구 봉명동 1045-16,36.34463054,127.342454,645,,,,,,,대전광역시 유성구청,042-611-2718,2026-05-12
30200-00051,구천봉,소공원,,대전광역시 유성구 봉명동 1045-1,36.34520223,127.3423481,726,,,,,,,대전광역시 유성구청,042-611-2718,2026-05-12
30200-00052,14(연양골),소공원,,대전광역시 유성구 용산동 708,36.41706662,127.3978668,368,,,,,,,대전광역시 유성구청,042-611-2718,2026-05-12
30200-00053,13(안터),소공원,,대전광역시 유성구 용산동 701,36.41791723,127.3985516,388,,,,,,,대전광역시 유성구청,042-611-2718,2026-05-12
30200-00054,12(원용산),소공원,,대전광역시 유성구 용산동 694,36.41893101,127.3994247,373,,,,,,,대전광역시 유성구청,042-611-2718,2026-05-12
30200-00055,11(용산),소공원,,대전광역시 유성구 용산동 686,36.42032916,127.3996705,377,,,,,,,대전광역시 유성구청,042-611-2718,2026-05-12
30200-00056,벌구,소공원,,대전광역시 유성구 봉명동 646,36.35766483,127.3493635,2680,,,,,,,대전광역시 유성구청,042-611-2718,2026-05-12
30200-00057,온천,소공원,,대전광역시 유성구 봉명동 537-4,36.35621259,127.3442844,1600,,,,,,,대전광역시 유성구청,042-611-2718,2026-05-12
30200-00058,삼보,소공원,,대전광역시 유성구 봉명동 547-8,36.35374682,127.3449513,1600,,,,,,,대전광역시 유성구청,042-611-2718,2026-05-12
30200-00059,용반,소공원,,대전광역시 유성구 봉명동 542-1,36.35289967,127.3480933,1600,,,,,,,대전광역시 유성구청,042-611-2718,2026-05-12
30200-00060,봉암,소공원,"대전광역시 유성구 농대로15번길 25, (궁동)",대전광역시 유성구 궁동 428-1,36.3616422,127.3516601,604,,,,,,,대전광역시 유성구청,042-611-2718,2026-05-12
30200-00061,도림,소공원,,대전광역시 유성구 반석동 712,36.39177571,127.3057603,6901.1,,,,,,,대전광역시 유성구청,042-611-2718,2026-05-12
30200-00159,진대평,소공원,,대전광역시 유성구 구암동 747,36.35426654,127.3297495,4218,,,,,,,대전광역시 유성구청,042-611-2718,2026-05-12
30200-00160,산제골,소공원,,대전광역시 유성구 구암동 91-46,36.35480435,127.3286239,930,,,,,,,대전광역시 유성구청,042-611-2718,2026-05-12
30200-00161,창말,소공원,,대전광역시 유성구 구암동 752,36.35382566,127.3282714,1311,,,,,,,대전광역시 유성구청,042-611-2718,2026-05-12
30200-00162,소란제,소공원,,대전광역시 유성구 구암동 755,36.35379523,127.3292744,374.7,,,,,,,대전광역시 유성구청,042-611-2718,2026-05-12
30200-00163,한울,소공원,,대전광역시 유성구 구암동 737,36.356714681,127.328358867,3576.5,,,,,,,대전광역시 유성구청,042-611-2718,2026-05-12
30200-00164,바구니,소공원,,대전광역시 유성구 봉산동 1025,36.44201705,127.3845124,1797.1,,,,,,,대전광역시 유성구청,042-611-2718,2026-05-12
30200-00062,안샘,수변공원,,대전광역시 유성구 지족동 1109,36.3895494,127.3045341,18814,,,,,,,대전광역시 유성구청,042-611-2718,2026-05-12
30200-00063,작은내,수변공원,,대전광역시 유성구 원신흥동 492-1,36.33878217,127.3378371,134508,,,,,,,대전광역시 유성구청,042-611-2718,2026-05-12
30200-00064,쑥들,수변공원,,대전광역시 유성구 상대동 581,36.33374319,127.330265,22093.6,,,,,,,대전광역시 유성구청,042-611-2718,2026-05-12
30200-00066,문지,어린이공원,,대전광역시 유성구 문지동 637-7,36.39523883,127.4071167,1501.3,,,,,,,대전광역시 유성구청,042-611-2718,2026-05-12
30200-00067,강변,어린이공원,,대전광역시 유성구 문지동 664,36.39647573,127.4091963,3255.7,,,,,,,대전광역시 유성구청,042-611-2718,2026-05-12
30200-00068,덕명,어린이공원,,대전광역시 유성구 덕명동 612,36.34543911,127.3032524,5683.7,,,,,,,대전광역시 유성구청,042-611-2718,2026-05-12
30200-00069,응굴천,어린이공원,,대전광역시 유성구 지족동 1073,36.38116034,127.3042193,2303,,,,,,,대전광역시 유성구청,042-611-2718,2026-05-12
30200-00070,우산봉,어린이공원,,대전광역시 유성구 지족동 1111,36.3895494,127.3045341,3150,,,,,,,대전광역시 유성구청,042-611-2718,2026-05-12
30200-00071,소마잽이,어린이공원,,대전광역시 유성구 죽동 722-1,36.37165832,127.3390733,1556,,,,,,,대전광역시 유성구청,042-611-2718,2026-05-12
30200-00072,뒷골,어린이공원,,대전광역시 유성구 지족동 1084,36.3759566,127.3055244,1654,,,,,,,대전광역시 유성구청,042-611-2718,2026-05-12
30200-00073,도리미,어린이공원,,대전광역시 유성구 지족동 1075,36.37922885,127.3040968,6336,,,,,,,대전광역시 유성구청,042-611-2718,2026-05-12
30200-00074,대울,어린이공원,,대전광역시 유성구 죽동 699-5,36.3697194,127.3372175,1500,,,,,,,대전광역시 유성구청,042-611-2718,2026-05-12
30200-00075,군량들,어린이공원,,대전광역시 유성구 죽동 690,36.36977864,127.334899,3082,,,,,,,대전광역시 유성구청,042-611-2718,2026-05-12
30200-00076,오랭이,어린이공원,,대전광역시 유성구 용산동 723,36.41721736,127.397375,1997,,,,,,,대전광역시 유성구청,042-611-2718,2026-05-12
30200-00077,용산골,어린이공원,,대전광역시 유성구 용산동 717,36.41935256,127.3990201,1995,,,,,,,대전광역시 유성구청,042-611-2718,2026-05-12
30200-00078,하기,어린이공원,,대전광역시 유성구 하기동 515,36.38841674,127.3205286,1531,,,,,,,대전광역시 유성구청,042-611-2718,2026-05-12
30200-00079,은골,어린이공원,,대전광역시 유성구 궁동 499,36.35980732,127.3505818,2485,,,,,,,대전광역시 유성구청,042-611-2718,2026-05-12
30200-00080,장수,어린이공원,,대전광역시 유성구 도룡동 398,36.3839794,127.3782617,3502,,,,,,,대전광역시 유성구청,042-611-2718,2026-05-12
30200-00081,저들이,어린이공원,,대전광역시 유성구 죽동 617,36.38064771,127.3247599,3407.8,,,,,,,대전광역시 유성구청,042-611-2718,2026-05-12
30200-00082,아래텃골,어린이공원,,대전광역시 유성구 하기동 562,36.38705392,127.3314199,3486,,,,,,,대전광역시 유성구청,042-611-2718,2026-05-12
30200-00083,윗텃골,어린이공원,,대전광역시 유성구 하기동 550,36.38878237,127.330936,1562,,,,,,,대전광역시 유성구청,042-611-2718,2026-05-12
30200-00084,초숯골,어린이공원,,대전광역시 유성구 하기동 539,36.38740332,127.3245948,1644,,,,,,,대전광역시 유성구청,042-611-2718,2026-05-12
30200-00085,반석,어린이공원,,대전광역시 유성구 반석동 655,36.38968104,127.3146544,1512,,,,,,,대전광역시 유성구청,042-611-2718,2026-05-12
30200-00086,양지말,어린이공원,,대전광역시 유성구 반석동 627,36.39330599,127.3129893,1502,,,,,,,대전광역시 유성구청,042-611-2718,2026-05-12
30200-00087,회병골,어린이공원,,대전광역시 유성구 반석동 615,36.39336532,127.3096393,1520,,,,,,,대전광역시 유성구청,042-611-2718,2026-05-12
30200-00088,안산,어린이공원,,대전광역시 유성구 지족동 878,36.37808911,127.3197154,1643,,,,,,,대전광역시 유성구청,042-611-2718,2026-05-12
30200-00089,지족실,어린이공원,"대전광역시 유성구 노은서로210번길 40, (지족동)",대전광역시 유성구 지족동 859,36.37792677,127.3174433,2854,,,,,,,대전광역시 유성구청,042-611-2718,2026-05-12
30200-00090,새미래,어린이공원,,대전광역시 유성구 지족동 845,36.38193709,127.3174084,1729,,,,,,,대전광역시 유성구청,042-611-2718,2026-05-12
30200-00091,죽궁이,어린이공원,,대전광역시 유성구 지족동 890,36.37377204,127.3158636,1557,,,,,,,대전광역시 유성구청,042-611-2718,2026-05-12
30200-00092,수정,어린이공원,,대전광역시 유성구 노은동 556-1,36.36490747,127.3158078,1887,,,,,,,대전광역시 유성구청,042-611-2718,2026-05-12
30200-00093,속들,어린이공원,,대전광역시 유성구 노은동 536-5,36.36818322,127.3216509,1601,,,,,,,대전광역시 유성구청,042-611-2718,2026-05-12
30200-00094,덕미,어린이공원,,대전광역시 유성구 노은동 509-7,36.36834029,127.3161569,1600,,,,,,,대전광역시 유성구청,042-611-2718,2026-05-12
30200-00095,노은,어린이공원,,대전광역시 유성구 노은동 522-1,36.37069815,127.3207603,1994,,,,,,,대전광역시 유성구청,042-611-2718,2026-05-12
30200-00096,논골,어린이공원,,대전광역시 유성구 노은동 520-2,36.37187661,127.320115,1853,,,,,,,대전광역시 유성구청,042-611-2718,2026-05-12
30200-00097,창뜰,어린이공원,,대전광역시 유성구 노은동 490,36.37169651,127.3169739,1588,,,,,,,대전광역시 유성구청,042-611-2718,2026-05-12
30200-00098,방아다리,어린이공원,,대전광역시 유성구 용산동 667,36.41806292,127.3934879,3015,,,,,,,대전광역시 유성구청,042-611-2718,2026-05-12
30200-00099,윗관들,어린이공원,"대전광역시 유성구 관들3길 46, (관평동)",대전광역시 유성구 관평동 1007,36.42313245,127.3908391,4101,,,,,,,대전광역시 유성구청,042-611-2718,2026-05-12
30200-00100,아래관들,어린이공원,,대전광역시 유성구 관평동 894,36.42419071,127.3862921,2960,,,,,,,대전광역시 유성구청,042-611-2718,2026-05-12
30200-00101,배울골,어린이공원,,대전광역시 유성구 관평동 670,36.41977551,127.3882225,2647,,,,,,,대전광역시 유성구청,042-611-2718,2026-05-12
30200-00102,한들,어린이공원,,대전광역시 유성구 관평동 667,36.42028761,127.3843936,3009,,,,,,,대전광역시 유성구청,042-611-2718,2026-05-12
30200-00103,봉산2(둥구나무),어린이공원,,대전광역시 유성구 봉산동 297,36.43981623,127.3840904,4062,,,,,,,대전광역시 유성구청,042-611-2718,2026-05-12
30200-00104,봉산,어린이공원,,대전광역시 유성구 봉산동 216,36.43586088,127.3879925,1496,,,,,,,대전광역시 유성구청,042-611-2718,2026-05-12
30200-00105,장성,어린이공원,"대전광역시 유성구 봉산로40번길 31, (봉산동)",대전광역시 유성구 봉산동 186,36.43786012,127.3875943,1495,,,,,,,대전광역시 유성구청,042-611-2718,2026-05-12
30200-00106,송강,어린이공원,"대전광역시 유성구 구즉로48번길 1, (송강동)",대전광역시 유성구 송강동 184,36.43333533,127.3857184,1495,,,,,,,대전광역시 유성구청,042-611-2718,2026-05-12
30200-00107,엉고개,어린이공원,"대전광역시 유성구 구즉로 26, (송강동)",대전광역시 유성구 송강동 200-3,36.43147032,127.3840713,1572,,,,,,,대전광역시 유성구청,042-611-2718,2026-05-12
30200-00108,아리,어린이공원,"대전광역시 유성구 엑스포로 492, (전민동)",대전광역시 유성구 전민동 466-2,36.40045242,127.4060215,3961,,,,,,,대전광역시 유성구청,042-611-2718,2026-05-12
30200-00109,산수,어린이공원,"대전광역시 유성구 유성대로1665번길 8-25, (전민동)",대전광역시 유성구 전민동 265,36.40014915,127.3958454,2155,,,,,,,대전광역시 유성구청,042-611-2718,2026-05-12
30200-00110,전광,어린이공원,"대전광역시 유성구 전민로18번길 22, (전민동)",대전광역시 유성구 전민동 369-1,36.39774367,127.4032017,2738,,,,,,,대전광역시 유성구청,042-611-2718,2026-05-12
30200-00111,전민,어린이공원,"대전광역시 유성구 전민로34번길 43, (전민동)",대전광역시 유성구 전민동 346-6,36.39837317,127.401121,1945,,,,,,,대전광역시 유성구청,042-611-2718,2026-05-12
30200-00112,말바위,어린이공원,"대전광역시 유성구 신성남로 91-9, (신성동)",대전광역시 유성구 신성동 151,36.38849431,127.3524075,1648,,,,,,,대전광역시 유성구청,042-611-2718,2026-05-12
30200-00113,숯골,어린이공원,"대전광역시 유성구 신성로72번안길 42, (신성동)",대전광역시 유성구 신성동 129,36.39080086,127.3504822,1574,,,,,,,대전광역시 유성구청,042-611-2718,2026-05-12
30200-00114,주막,어린이공원,"대전광역시 유성구 신성로 65, (신성동)",대전광역시 유성구 신성동 141-4,36.38976802,127.3479716,1667,,,,,,,대전광역시 유성구청,042-611-2718,2026-05-12
30200-00115,장대4(동자산),어린이공원,,대전광역시 유성구 장대동 480,36.36107492,127.3336915,1528,,,,,,,대전광역시 유성구청,042-611-2718,2026-05-12
30200-00116,장고개,어린이공원,,대전광역시 유성구 장대동 364,36.35935053,127.3394779,1927,,,,,,,대전광역시 유성구청,042-611-2718,2026-05-12
30200-00117,호미,어린이공원,,대전광역시 유성구 장대동 345,36.36314601,127.3399159,1768,,,,,,,대전광역시 유성구청,042-611-2718,2026-05-12
30200-00118,꼭두배,어린이공원,,대전광역시 유성구 장대동 323-1,36.36468289,127.3348408,3328,,,,,,,대전광역시 유성구청,042-611-2718,2026-05-12
30200-00119,활골,어린이공원,"대전광역시 유성구 궁동로 60, 1호 외(궁동)",대전광역시 유성구 궁동 72-3,36.36400143,127.3512283,1279,,,,,,,대전광역시 유성구청,042-611-2718,2026-05-12
30200-00120,어은,어린이공원,"대전광역시 유성구 대학로203번길 30, (어은동)",대전광역시 유성구 어은동 108-14,36.36266251,127.3553511,1781,,,,,,,대전광역시 유성구청,042-611-2718,2026-05-12
30200-00121,덕명2(화산),어린이공원,,대전광역시 유성구 덕명동 598,36.34909693,127.2988885,2020,,,,,,,대전광역시 유성구청,042-611-2718,2026-05-12
30200-00122,복용4(박산),어린이공원,,대전광역시 유성구 복용동 586,36.3435646,127.311815,2145,,,,,,,대전광역시 유성구청,042-611-2718,2026-05-12
30200-00123,복용3(와룡),어린이공원,,대전광역시 유성구 복용동 612-1,36.34144381,127.3141852,1888,,,,,,,대전광역시 유성구청,042-611-2718,2026-05-12
30200-00124,복용2(기은),어린이공원,,대전광역시 유성구 복용동 599-1,36.34256502,127.3163997,1826,,,,,,,대전광역시 유성구청,042-611-2718,2026-05-12
30200-00125,구암1(로봇),어린이공원,,대전광역시 유성구 구암동 668,36.35947342,127.3071748,1502,,,,,,,대전광역시 유성구청,042-611-2718,2026-05-12
30200-00126,덕명6(미로),어린이공원,,대전광역시 유성구 덕명동 584,36.3561129,127.3085651,4284,,,,,,,대전광역시 유성구청,042-611-2718,2026-05-12
30200-00127,덕명3(시간),어린이공원,,대전광역시 유성구 덕명동 527,36.35734756,127.3045785,4181,,,,,,,대전광역시 유성구청,042-611-2718,2026-05-12
30200-00128,덕명5(숲속),어린이공원,,대전광역시 유성구 덕명동 507,36.35987299,127.3031845,1772,,,,,,,대전광역시 유성구청,042-611-2718,2026-05-12
30200-00129,구암2(궁말),어린이공원,,대전광역시 유성구 구암동 625-3,36.35170911,127.3298052,1540,,,,,,,대전광역시 유성구청,042-611-2718,2026-05-12
30200-00130,흥도,어린이공원,,대전광역시 유성구 원신흥동 554,36.33389114,127.3396595,4518,,,,,,,대전광역시 유성구청,042-611-2718,2026-05-12
30200-00131,남산,어린이공원,"대전광역시 유성구 유성대로626번길 20, (구암동)",대전광역시 유성구 구암동 628-1,36.34965155,127.3282513,1793,,,,,,,대전광역시 유성구청,042-611-2718,2026-05-12
30200-00132,삼정,어린이공원,"대전광역시 유성구 계룡로16번길 83, 19호 (구암동)","대전광역시 유성구 구암동 603-1, 19",36.35287684,127.3310427,2317,,,,,,,대전광역시 유성구청,042-611-2718,2026-05-12
30200-00133,창리,어린이공원,"대전광역시 유성구 계룡로26번길 18, (구암동)",대전광역시 유성구 구암동 588-9,36.35510592,127.3331963,1600,,,,,,,대전광역시 유성구청,042-611-2718,2026-05-12
30200-00134,방죽,어린이공원,"대전광역시 유성구 월드컵대로275번길 48, (구암동)",대전광역시 유성구 구암동 618-1,36.35063856,127.3320868,1600,,,,,,,대전광역시 유성구청,042-611-2718,2026-05-12
30200-00135,인삼,어린이공원,,대전광역시 유성구 구암동 614-6,36.34904416,127.3338495,1505,,,,,,,대전광역시 유성구청,042-611-2718,2026-05-12
30200-00136,들말,어린이공원,"대전광역시 유성구 계룡로46번길 43, (봉명동)",대전광역시 유성구 봉명동 568-20,36.35335337,127.3356958,1371,,,,,,,대전광역시 유성구청,042-611-2718,2026-05-12
30200-00137,진터,어린이공원,"대전광역시 유성구 계룡로52번길 77, (구암동)",대전광역시 유성구 구암동 609-1,36.35163225,127.3357438,1600,,,,,,,대전광역시 유성구청,042-611-2718,2026-05-12
30200-00138,구암,어린이공원,"대전광역시 유성구 계룡로74번길 79-15, (봉명동)",대전광역시 유성구 봉명동 557-5,36.35114484,127.3388675,1600,,,,,,,대전광역시 유성구청,042-611-2718,2026-05-12
30200-00139,원골,어린이공원,,대전광역시 유성구 봉명동 560-14,36.34912241,127.3398427,1030,,,,,,,대전광역시 유성구청,042-611-2718,2026-05-12
30200-00140,봉명,어린이공원,,대전광역시 유성구 봉명동 451-6,36.35277897,127.3393885,1500,,,,,,,대전광역시 유성구청,042-611-2718,2026-05-12
30200-00141,솔마루,어린이공원,"대전광역시 유성구 진잠로 172, (원내동)",대전광역시 유성구 원내동 81,36.30377152,127.3205049,6988,,,,,,,대전광역시 유성구청,042-611-2718,2026-05-12
30200-00142,교촌2(돌샘),어린이공원,,대전광역시 유성구 교촌동 638-1,36.30206883,127.3145629,2438,,,,,,,대전광역시 유성구청,042-611-2718,2026-05-12
30200-00143,교촌1,어린이공원,,대전광역시 유성구 교촌동 629,36.30427459,127.3154677,4760,,,,,,,대전광역시 유성구청,042-611-2718,2026-05-12
30200-00144,청룡,어린이공원,"대전광역시 유성구 진잠로70번길 30, (원내동)",대전광역시 유성구 원내동 340-7,36.29810698,127.3178355,1507,,,,,,,대전광역시 유성구청,042-611-2718,2026-05-12
30200-00145,원내,어린이공원,"대전광역시 유성구 진잠로102번길 50, (원내동)",대전광역시 유성구 원내동 206-5,36.30068537,127.318238,2000,,,,,,,대전광역시 유성구청,042-611-2718,2026-05-12
30200-00146,도룡,어린이공원,,대전광역시 유성구 도룡동 387,36.38693885,127.3758485,19177,,,,,,,대전광역시 유성구청,042-611-2718,2026-05-12
30200-00147,학하1(별밭),어린이공원,대전광역시 유성구 학하로 84(학하동),대전광역시 유성구 학하동 719-1,36.34076535,127.3058843,4336.2,,,,,,,대전광역시 유성구청,042-611-2718,2026-05-12
30200-00148,학하2(별빛),어린이공원,,대전광역시 유성구 학하동 715-1,36.34192234,127.308408,3483.1,,,,,,,대전광역시 유성구청,042-611-2718,2026-05-12
30200-00149,학하3(월봉),어린이공원,,대전광역시 유성구 학하동 783-3,36.33565882,127.3106361,1716.3,,,,,,,대전광역시 유성구청,042-611-2718,2026-05-12
30200-00150,학하4(호산),어린이공원,,대전광역시 유성구 학하동 730,36.33867264,127.3062354,2857.8,,,,,,,대전광역시 유성구청,042-611-2718,2026-05-12
30200-00151,학하5(학하),어린이공원,,대전광역시 유성구 학하동 745-5,36.33872741,127.3096866,1807.8,,,,,,,대전광역시 유성구청,042-611-2718,2026-05-12
30200-00152,학하6(학무정),어린이공원,,대전광역시 유성구 학하동 763-4,36.33917321,127.3124223,2674.8,,,,,,,대전광역시 유성구청,042-611-2718,2026-05-12
30200-00153,학하7(영당말),어린이공원,,대전광역시 유성구 학하동 778-1,36.33743411,127.3116482,2174.9,,,,,,,대전광역시 유성구청,042-611-2718,2026-05-12
30200-00154,계산1(계산),어린이공원,,대전광역시 유성구 계산동 719,36.3431831,127.2995003,1859.1,,,,,,,대전광역시 유성구청,042-611-2718,2026-05-12
30200-00155,계산3(원계산),어린이공원,,대전광역시 유성구 계산동 761-3,36.33642365,127.3000312,1630.8,,,,,,,대전광역시 유성구청,042-611-2718,2026-05-12
30200-00157,은구비,역사공원,대전광역시 유성구 노은동로 166(지족동),대전광역시 유성구 지족동 920,36.37503773,127.3233626,112271,,,,,,,대전광역시 유성구청,042-611-2718,2026-05-12
